{"total_episodes": 44, "episode_rewards": [-51.77478225529194, 22.12538142502308, -11.807314574718475, 4.772798404097557, 0.11218442022800446, -19.98712193965912, -40.77473418414593, -33.550881549715996, -3.437724217772484, -49.421356767416, -40.46407821774483, 15.549681395292282, -18.138208121061325, -48.143203526735306, 9.57644334435463, -11.170313954353333, -71.81640185415745, -22.880854301154613, -77.34049996733665, 22.00496669113636, 7.651302099227905, 22.31596601009369, -5.023922443389893, -25.542119100689888, 13.592544630169868, 34.252477541565895, -5.910070896148682, -27.02091482281685, -9.75477235019207, -19.939619600772858, -27.522854208946228, 15.667876318097115, -24.568488463759422, 42.251001343131065, 48.02565599605441, 22.558348283171654, 24.407674238085747, -11.26051476597786, -21.179536134004593, 27.31091932952404, 53.110131442546844, 38.05045668780804, -20.57700653374195, 44.49324677884579], "episode_delays": [579.7478225529194, 0, 180.07314574718475, 14.27201595902443, 60.878155797719955, 261.8712193965912, 469.7473418414593, 397.50881549715996, 96.37724217772484, 556.21356767416, 466.6407821774483, 0, 243.38208121061325, 543.4320352673531, 0, 173.70313954353333, 780.1640185415745, 290.80854301154613, 835.4049996733665, 0, 0, 0, 112.23922443389893, 317.4211910068989, 0, 0, 121.10070896148682, 332.2091482281685, 159.5477235019207, 261.3961960077286, 337.2285420894623, 0, 307.6848846375942, 0, 0, 0, 0, 174.6051476597786, 273.79536134004593, 0, 0, 0, 267.7700653374195, 0], "mean_reward": -5.254050872119313, "best_reward": 53.110131442546844}